Gold Taþlý Tüy Þekilli Broþ,54,99 TL
Kristalli Ýncili Krem Çoklu Bileklik,64,99 TL
Kelebek Figürlü Silver Bileklik,89,99 TL
Kadýn Elmas Figürlü Kalýn Zincirli Tasma Kolye,59,99 TL
Yarým Güneþ Küpe,29,99 TL
Gold Renkli Çoklu Yüzük Seti,59,99 TL
Kadýn Nazar boncuklu Zirkon Taþlý Fil Figürlü Gold Bileklik,54,99 TL
Arý Kelebek Broþ,59,99 TL
Mavi Ayda Oturan Kedi Ve Yýldýz Küpe,49,99 TL
Kadýn Turkuaz Doðaltaþlý Deniz Figürlü Charm Kolye,58,65 TL
Kelebekli Tarak Toka,47,49 TL
Kelebekli Çoklu Yüzük Seti,44,99 TL
Kadýn Yýlan Figürlü Sarmal Bileklik,59,99 TL
18 Adet Deniz Kabuðu Çiçek Figürlü Çoklu Yüzük Seti,64,99 TL
Kadýn Siyah Asimetrik Tasarým Küpe,42,74 TL
Gold Halkalar Küpe,45,02 TL
Kelebekli Kulak Aksesuarý Piercing Küpe Seti,59,99 TL
Yýldýz Sallantýlý Halkalý Piercing Küpe Seti Silver,23,74 TL
Kadýn Turuncu Yeþil Asma Yapraklý Charm Tasarým Kolye,49,99 TL
Denizkabuðu Figürlü Silver Charm Bileklik,77,16 TL
Kýrmýzý Yapraklar Küpe,79,99 TL
Incili Yaprak Broþ,47,49 TL
Kuðu Figürlü Silver Bileklik,77,16 TL
Yapraklý Zincirli Tarak Yoka,59,99 TL
Kadýn Gümüþ Flamingo Figürlü Bileklik,89,99 TL
Pembe Beyaz Tasarým Küpe,34,99 TL
Kelebek Nazar Yaprak Figürlü Charm Bileklik,49,49 TL
Gökkuþaðý Bulut Balon Asimetrik Eðlenceli Küpe,64,99 TL
Beyaz Mineli Para Detaylý Küpe,28,49 TL
Asimetrik Siyah Kalp Küpe,52,24 TL
Kadýn Altýn Üçlü Nazar Boncuklu Altýn Kaplama Bileklik,37,99 TL
Yonca Figürlü Çiftli Altýn Kaplama Kolye,54,99 TL
Yeþil Sedef Desenli Geometrik Küpe,69,99 TL
Kristal Taþlý Büyük Küpe,99,99 TL
Kelebekli Çiftli Yüzük Seti,24,99 TL
Kelebekli Kulak Aksesuarý Piercing,29,99 TL
Kadýn Gold Ýncili Yarým Yýldýz Küpe,29,92 TL
Ýncili Beyaz Çiçekli Hayalet Küpe,69,99 TL
Gold Yapraklý Saç Bantý,49,99 TL
Kadýn Gümüþ Taþlý Choker Kolye,75,99 TL
Otantik Küpe,46,29 TL
Kýrmýzý Kristalli Tasarým Düðme Küpe,29,99 TL
Silver Taþlý Tüy Þekilli Broþ,54,99 TL
Kalp Figürlü Silver Bileklik,83,69 TL
Taþlý Bronz Büyük Denizyýldýzý Küpe,49,99 TL
Zirkon Taþlý Arý Figürlü Ince Bileklik,43,24 TL
Kadýn Gold Çiçekli Halka Küpe,66,49 TL
Kadýn Gri Pembe Deniz Kabuklu Kalp Figürlü Charm Bileklik,89,99 TL
Kadýn Krem Çiçek Kedi Figürlü Silver Bileklik,77,16 TL
Yýldýz Detaylý Kalp Küpe,29,99 TL
Çoklu Gold Bileklik Seti,47,49 TL
Gold Yýlan Kulak Aksesuarý,44,99 TL
Kelebekli Zincir Kolye,31,48 TL
Incili Bulut Broþ,29,98 TL
Büyük Düðüm Þekilli Mandal Toka,38,57 TL
Kadýn Kalpli Daire Ýçi Ýnci Dolgulu Küpe,34,90 TL
Pastel Renk Çiçekli Hayalet Küpe,59,85 TL
Incili Çiçek Ve Yaprak Asimetrik Tasarým Küpe,49,99 TL
Renkli Püsküllü Boncuklu Bileklik,64,99 TL
Gold Kristalli Küpe,69,99 TL
Kadýn Mavi Turuncu Denizkabuklu Çiftli Kolye,37,19 TL
Incili Yeþil Taþlý Balýk Küpe,59,99 TL
Ýncili Ve Kristalleri Link Küpe,28,49 TL
Kuþ Küpe,38,57 TL
Gökkuþaðý Bulut Güneþ Zirkon Taþlý Bileklik,54,99 TL
Kadýn Ýkili Kalpli Zincir Kolye,27,09 TL
Ýncili Kýrmýzý Çiçekli Tasarým Küpe,79,99 TL
Kadýn Krem Incili Bulut Küpe,44,99 TL
Kýrmýzý Tasarým Küpe,29,92 TL
Yeþil Kristalli Küpe,69,99 TL
Içi Inci Sallantýlý Gold Halka Küpe,19,99 TL
Göz Figürlü Charm Kalýn Zincirli Kolye,54,99 TL
Turuncu Püsküllü Taþlý Büyük Kuþ Küpe,104,49 TL
Kadýn Yaz Temalý 15 Li Yüzük Seti,64,99 TL
Kristalli Siyah Dantelli Gothic Kolye,46,49 TL
Krem Ekoseli Kalp Küpe,45,02 TL
Kadýn Kýrmýzý Üçlü Kalpler Küpe,69,99 TL
Mavi Lav Taþlý Kýrmýzý Kristalli Deniz Kabuklu Tasarým Kolye,39,99 TL
Kadýn Lacivert Kristal Taþlý Büyük Damla Küpe,40,60 TL
Üç Katlý Incili Deniz Kabuklu Zincir Kolye,44,99 TL
Kelebek Taþlý Kulak Küpe,69,99 TL
Kýrmýzý Mineli Para Detaylý Küpe,29,92 TL
Ikili Gold Mavi Boncuklu Yonca Kolye,49,99 TL
Fuþya Kristalli Küpe,49,99 TL
Mavi Boncuklu Çoklu Tasarým Kolye,54,99 TL
Gri Gold Daire Küpe,37,99 TL
Renkli Doðaltaþlý Mavi Kum Boncuklu Kolye,37,99 TL
Krem Kelebekli Yüzük,19,99 TL
Silver Zincir Saçaklý Taþlý Yýldýz Hayalet Küpe,56,93 TL
Renkli Mineli Ince Kelepçe Bileklik,43,24 TL
5li Piercing Küpe Seti,29,99 TL
B Harfli Zirkon Taþlý Kalýn Zincir Bileklik,62,99 TL
Kadýn Gold Kulak Aksesuarý Piercing Küpe Seti 4'lü,24,99 TL
Çoklu Mermer Taþlý Bileklik Seti,59,99 TL
Beyaz Yarým Çiçek Küpe,59,99 TL
Kadýn Ýncili Kristalli Kalp Küpe,37,99 TL
Arý Figürlü Silver Charm Bileklik,77,83 TL
Kadýn Nazar Boncuklu Silver Renk Charm Bileklik,68,58 TL
Incili Sallantýlý Kulak Aksesuarý,52,24 TL
Mor Çiçekli Küpe,59,99 TL
E Harfli Zirkon Taþlý Kalýn Zincir Bileklik,46,49 TL
Hasýr Örgü Þekilli Küpe,24,99 TL
Asimetrik Ýncili Kalp Küpe,42,65 TL
Mavi Beyaz Tasarým Küpe,29,92 TL
El Örmesi Tasarým Bileklik,94,99 TL
Taþlý Vintage Küpe,47,49 TL
Siyah Beyaz Tasarým Küpe,29,92 TL
Sarý Yeþil Beyaz Papatya Küpe,38,57 TL
Incili Büyük Þeffaf Kelebek Toka,29,99 TL
Gold Tasarým Çiçek Küpe,59,99 TL
Kadýn Gümüþ Taþlý Choker Kolye,89,99 TL
Renkli Tüy Figürlü Halkalý Küpe,24,99 TL
Üçlü Mavi Taþlý Dünya Kolye,38,57 TL
Silver Çoklu Yüzük Seti,49,99 TL
Vintage Krem Incili Daire Küpe,24,99 TL
Silver Çoklu Bileklik Seti,69,99 TL
Kuþlar Broþ,49,99 TL
Beyaz Vintage Küpe,42,74 TL
Taþlý Ve Incili Choker Kolye,94,99 TL
Bordo Kalp Jade Doðaltaþlý Çoklu Cam Boncuklu Tasarým Kolye,69,99 TL
Kadýn 15 Adet Yüzük Seti,42,86 TL
Kuðu Figürlü Silver Bileklik,79,99 TL
14 Adet Çoklu Yüzük Seti,50,37 TL
Pembe Kalp Figürlü Bileklik,77,42 TL
Yeþil Beyaz Tasarým Küpe,29,92 TL
Silver Çoklu Yüzük Seti,55,72 TL
Gündüz ve Gece Ay Güneþ Kalp Eðlenceli Küpe,39,90 TL
Kadýn Fil Yýlan Çiçek Figürlü Karýþýk 14'lü Yüzük Seti,59,99 TL
Kadýn Çoklu Silver Yüzük Seti,59,99 TL
Incili Kristalli Küpe,49,99 TL
Krem Kelebek Küpe,24,99 TL
Yeþil Siyah 6 Lý Yan Toka Seti,59,85 TL
Büyük Incili Þeffaf Toka,29,99 TL
Silver Çoklu Yüzük Seti,50,37 TL
Mercan Taþlý 6 Lý Halka Seti,29,99 TL
Pastel Boncuklu Püsküllü Bileklik,64,99 TL
Göz Figürlü Silver Bileklik,77,16 TL
Inci Ve Yaprak Detaylý Halka Küpe,29,99 TL
Ýçi Kristal Sarmallý Tasarým Çiçek küpe,65,98 TL
Mavi Deniz Kabuðu Deniz Yýldýzý Broþ,59,99 TL
Incili Halka Küpe,29,99 TL
Renkli Boncuklu Sallantýlý Halhal,29,79 TL
Turuncu Taþlý Gold Plakalý Küpe,29,99 TL
Üçlü Balýklar Küpe,33,70 TL
Nazarboncuklu Çoklu Figürlü Gold Bileklik,49,99 TL
Mor Taþlý Taþlý,49,99 TL
Turuncu Yeþil Cam Boncuklu Tasarým Kolye,79,99 TL
Kadýn Kelebekli Tarak Toka,29,99 TL
Mor Kristal Taþlý Küpe,49,99 TL
Füme Kristalli Tasarým El Yapýmý Dolamalý Bileklik,89,99 TL
Siyah Beyaz Renkli Fimo Boncuklu Tasarým Küpe,69,99 TL
Yonca Figürlü Charm Bileklik,54,99 TL
Ýnci Sarmallý Halka Küpe,34,99 TL
Yeþil Asimetrik Tasarým Küpe,44,99 TL
Yeþil Doðaltaþ Görünümlü Damla Küpe,64,99 TL
Kadýn Gold Büyük Daire ve Çubuk Küpe,44,99 TL
Taþlý Yýldýzlar Küpe,51,43 TL
7 Li Yýldýz Ve Nazar Boncuklu Küpe Seti,24,99 TL
Dokulu Gold Renk Yýldýz Küpe,24,99 TL
Kalp Figürlü Silver Bileklik,89,99 TL
Taþlý Incili Choker Kolye,94,99 TL
Kuþ Ve Çiçek Küpe,79,99 TL
Kuðu Figürlü Doðaltaþlý Charm Kolye,79,99 TL
Kadýn Renkli Püsküllü Kalýn Dolamalý Etnik Bohem Bileklik,69,99 TL
Bej Kristalli Tasarým El Yapýmý Dolamalý Bileklik,77,16 TL
Beyaz Asimetrik Tasarým Küpe,42,74 TL
Krem Kelebekli Taþlý Yüzük,24,99 TL
Kadýn Bej Taþlý Küpe,47,49 TL
Ýncili Halka Küpe,29,99 TL
Ýncili Silver Kanat Küpe,33,94 TL
Kuðu Figürlü Silver Bileklik,77,16 TL
Siyah Kristal Sarmallý Halka Küpe,29,33 TL
Ananas Figürlü Silver Bileklik,77,16 TL
Kelebek Figürlü Turuncu Boncuk Kolye,31,15 TL
Fuþya Tüylü Papaðan Küpe,64,99 TL
Kýrmýzý Çiçekli Küpe,59,99 TL
Turuncu Yarým Çiçek Küpe,69,99 TL
Ýncili Güneþ Küpe,29,98 TL
Siyah Mineli Para Küpe,29,99 TL
Kuðu Figürlü Silver Bileklik,77,16 TL
Tom Ve Jerry Kedi Ve Fare Asimetrik Eðlenceli Küpe,59,99 TL
Kadýn Asma Yapraklý Charm Kolye,49,99 TL
Pembe Mavi Papatya Küpe,44,99 TL
Siyah Kalpler Küpe,19,99 TL
Üçlü Plaka Silver Renk Kolye,47,49 TL
Incili Düðüm Küpe,24,99 TL
Yonca Figürlü Charm Kalýn Zincirli Kolye,54,99 TL
Kadýn Amazonit Kýrýk Taþlý Kuðu Figürlü Charm Tasarým Kolye,79,99 TL
Renkli Yengeç Küpe,77,48 TL
Siyah Doðaltaþ Görünümlü Hayalet Küpe,45,02 TL
Kristal Iþlemeli Kelebek Küpe,62,99 TL
Gold Renk Zirkon Taþlý Kuzey Yýldýzlý Kolye,59,90 TL
Renkli Doðaltaþlý Sarmal Bileklik,69,99 TL
Kadýn Gold Yaprak ve Dal Daire Küpe,34,99 TL
Kadýn Turuncu Taþlý Küpe,69,99 TL
Mavi Deniz Kabuklu Kalp Figürlü Charm Bileklik,70,34 TL
Kadýn Altýn Göz Ve Yýldýzlý Kýkýrdak Küpe Seti,24,99 TL
Yeþil Etnik Kolye,34,99 TL
Kadýn Altýn Mini Incili Kalp Küpe,24,99 TL
4 Sýralý Madalyon Kolye,54,99 TL
Kýrmýzý Asimetrik Tasarým Küpe,44,99 TL
Kýrmýzý Filli Ipli Bileklik,52,24 TL
Sarý Beyaz Papatya Küpe,40,60 TL
Deniz Figürlü Charm Halhal,49,99 TL
Kýrmýzý Taþlý Kalp Kolye,54,99 TL
Sarý Bordo Haki Boyalý Bakýr Küpe,54,99 TL
Incili Vintage Çiçek Küpe,29,99 TL
Arý Ve Çiçek Figürlü 7 Adet Mini Küpe Seti,44,99 TL
Çoklu Küpe Seti,58,49 TL
Turuncu Vintage Küpe,42,74 TL
Kalpli 4 Katlý Silver Renk Kolye,59,99 TL
Büyük Taþlý Küpe,99,99 TL
Denizkabuðu Yýldýz Figürlü Kolye,47,49 TL
Incili Vintage Stil Gold Küpe,29,99 TL
Yeþil Kristalli Tasarým Düðme Küpe,29,99 TL
Krem Ay Yýldýz Güneþ Figürlü Incili Kolye,42,74 TL
Kadýn Silver 3'lü Zincir Kolye,47,49 TL
Kadýn Mavi Arý Küpe Seti 6lý,19,99 TL
Güneþ Ay Bulut Manzara Desenli Yeþil Küpe,59,99 TL
14 Adet Etnik Figürlü Çoklu Yüzük Seti,59,85 TL
Nazar Boncuklu Yonca Figürlü Kolye,46,49 TL
Kadýn Kahverengi Çoklu Ýpli Tasarým Etnik Bohem Kolye,52,24 TL
Balýk Figürlü Turkuaz Boncuk Kolye,31,15 TL
Incili Vintage Bronz Küpe,53,99 TL
Yýlanlý 3lü Küpe Ve Piercing Seti,52,24 TL
Siyah Asimetrik Damla Tasarým Küpe,47,49 TL
Mavi Turuncu Taþlý Sallantýlý Küpe,89,99 TL
Kadýn Sarý Arý Küpe Seti 6lý,19,99 TL
Asimetrik Siyah Gold Çubuk Daire Küpe,52,24 TL
Mavi Scooter Broþ,59,99 TL
Incili Dikdörtgen Küpe,24,99 TL
Kýrmýzý Steteskop Doktor Broþ,49,99 TL
Deniz Kabuðü Iþlemeli Tarak Toka,42,74 TL
Çoklu Silver Yüzük Seti,64,99 TL
Siyah Boncuklu Tasarým Bileklik,89,99 TL
Boncuk Iþlemeli Çiçek Küpe,79,99 TL
Turuncu Tüylü Asimetrik Küpe,24,99 TL
Lacivert Kadife Üzeri Nakýþ Iþlemeli Vintage Fiyonklu Toka,24,99 TL
Kadýn Mavi Asimetrik Tasarým Küpe,44,99 TL
Çizgi Desenli Kalpli Küpe,53,99 TL
Beyaz Nazar Boncuklu Asansörlü Ayarlý Bileklik,54,99 TL
Papatya Asimetrik Küpe,49,99 TL
Doðaltaþlý Çoklu Bileklik Seti,59,99 TL
Siyah Doðaltaþ Görünümlü Damla Küpe,64,99 TL
Bordo Yeþil Etnik Boncuklu Tasarým Kolye,47,95 TL
Murano Cam Balýk Ve Püsküllü Bileklik,79,99 TL
Mini Gökkuþaðý Küpe,24,99 TL
Mürdüm Doðaltaþ Görünümlü Damla Küpe,64,99 TL
Balýk Figürlü Mavi Halhal,29,99 TL
Kadýn Gold Baget Kristal Taþlý Zincirli Hayalet Küpe,71,99 TL
Kadýn Mavi Kuþ Figürlü Charm Bileklik,79,99 TL
Beyaz Sade Inci Kolye,29,99 TL
Sarý Boncuklu Küpe,69,99 TL
Çoklu Silver Bileklik Seti,64,99 TL
Dorika Boncuklu Sarmallý Halka Küpe,54,99 TL
Kristalli Küpe,66,49 TL
Kýrmýzý Iþlemeli Büyük Tasarým Küpe,109,99 TL
Ikili Incili Göbek Zinciri,62,99 TL
Italyan Zincirli Incili Dörtlü Kolye,59,99 TL
Etnik Geometrik Küpe -Yeþil,55,72 TL
Krem Mini Kaplumbaða Küpe,24,99 TL
Yeþil Eskitme Boncuklu Tasarým Küpe,34,99 TL
Kadýn Gold Çiçekli Saç Bantý,59,99 TL
Mavi Nostaljik Boncuklu Italyan Zincirli Bileklik,34,99 TL
Kadýn Kuðu Figürlü Silver Bileklik,89,99 TL
Ikili Incili Mandal Toka Seti,53,99 TL
Incili 3 Lü Kolye,69,99 TL
Gold Renk Kalýn Örgü Zincir Kolye,54,99 TL
12 Li Halka Küpe Seti,29,99 TL
Kadýn Mor Taþlý Etnik Küpe,82,13 TL
Mermer Desenli Dikdörtgen Küpe,49,26 TL
Kadýn Balýk ve Dalga Figürlü Halhal,34,29 TL
Pembe Çiçekli Küpe,59,99 TL
Göz Figürlü Kýrmýzý Ince Fimo Kolye,42,74 TL
Etnik Saçaklý Ayarlanabilir Yüzük,24,99 TL
Gold Rose Silver Yýldýzlý Halka Küpe,19,90 TL
Çoklu Figürlü Charm Bileklik,52,24 TL
Pastel Renk Taþlý Küpe,85,73 TL
Incili Helezon Küpe,24,99 TL
Kalp Figürlü Zincirli Kolye,62,99 TL
Gri Çoklu Ananas Kaplumbaða Bileklik,53,99 TL
Yeþil Turuncu Gold Balýk Figürlü Doðaltaþlý Tasarým Bileklik,69,99 TL
Mavi Taþlý Kulak Aksesuarý,42,74 TL
Incili Asimetrik Düðüm Küpe,29,98 TL
Turkuaz Etnik Bohem Tasarým Kolye,64,99 TL
Taþlý Büyük Damla Küpe,39,77 TL
Kristal Boncuklu El Yapýmý Papaðan Küpe,89,99 TL
Incili Zirkon Taþlý Anahtar Kilit Kolye,54,99 TL
Arý Figürlü Yýldýzlý Küpe Seti 12li,24,99 TL
Beyaz Damla Boncuklu Tasarým Küpe,46,49 TL
Beyaz Büyük Boncuklu Tasarým Küpe,49,99 TL
Renkli Doðaltaþlý Bulut Küpe,59,99 TL
Kadýn Beyaz Mermer Taþlý Asimetrik Küpe,46,49 TL
Siyah Boncuklu Kulak Aksesuarý,44,99 TL
9 Adet Amor Kalp Yýldýz Figürlü Çoklu Yüzük Seti,44,99 TL
Happy Yazýlý Kolye Küpe Bileklik Yüzük Seti,59,99 TL
Inci Ve Çiçek Iþlemeli Kulak Aksesuarý - Gelin Aksesuarý,99,99 TL
Kadýn Mavi Çoklu Charm Etnik Bohem Bileklik,44,99 TL
Lacivert Damla Taþlý Küpe,29,99 TL
Mavi Tüylü Papaðan Küpe,64,99 TL
Gold 13 Adet Ayarlanabilir Yüzük Seti,51,35 TL
A Harfli Zirkon Taþlý Kalýn Zincir Bileklik,62,99 TL
S Harfli Zirkon Taþlý Kalýn Zincirli Bileklik,69,99 TL
Incili Taþlý Vintage Küpe,39,99 TL
Murano El Yapýmý Cam Kalp Kolye,59,99 TL
Damlalý Siyah Fiyonklu Küpe,69,99 TL
Gold Çataliðne Broþ,44,99 TL
Zirkon Taþlý Kelebek Figürlü Ince Bileklik,49,99 TL
Mini Renkli Çizgili Kalp Küpe,19,99 TL
Uzun Mor Yeþil Boncuklu Tasarým Küpe,49,49 TL
Turkuaz Ananas Küpe,69,99 TL
Incili Yeþil Toplu Tasarým Küpe,54,99 TL
Gold Içiçe Halka Küpe,19,99 TL
Incili Çiçek Iþlemeli Tarak Toka,39,90 TL
Kadýn Zincirli Saç Aksesuarý,38,57 TL
Koyu Yeþil Vintage Küpe,44,99 TL
Antik Silver Etnik Halka Küpe,29,99 TL
Balýk Ve Deniz Kabuðu Figürlü Charm Çelik Bileklik,74,99 TL
Mercan Taþlý Nazar Boncuklu Mavi Boncuklu Kolye,29,98 TL
Melek Figürlü Silver Bileklik,89,99 TL
Kadýn Ananas Figürlü Silver Bileklik,89,99 TL
D Harfli Zirkon Taþlý Kalýn Zincir Bileklik,62,99 TL
Kadýn Çiçek Iþlemeli Halka Küpe,99,99 TL
Ikili Deniz Kabuklu Kum Boncuklu Kolye,59,99 TL
Yeþil Kristal Sarmallý Halka Küpe,23,74 TL
R Harfli Zirkon Taþlý Kalýn Zincir Bileklik,69,99 TL
Mavi Kuþ Kafes Broþ,59,99 TL
Kadýn Haftalýk Mini Küpe Seti,49,99 TL
Kýrmýzý Yarým Çiçek Küpe,62,99 TL
Beyaz Doðaltaþ Görünümlü Damla Küpe,64,99 TL
Kadýn Mor Kristal Taþ Ýþlemeli Çiçek Küpe,80,99 TL
Zigzaglý Çelik Kelepçe Bileklik,89,99 TL
6 Adet Kelebek Inci Renkli Mini Mandal Toka,42,74 TL
Pembe Incili Deniz Kabuklu Charm Bileklik,77,16 TL
Asimetrik Orkide Küpe,71,99 TL
Ýncili Büyük Damla Küpe,29,90 TL
Kristal Taþlý Damla Küpe,69,99 TL
Etnik Geometrik Küpe - Bej,64,99 TL
Sarý Çiçekler Küpe,59,99 TL
Pembe Çiçekli Epoksi Halka Küpe,79,99 TL
Ýnci Saçaklý Pudra Pembe Çiçekli Küpe,69,99 TL
Kadýn Beyaz Deniz Kabuklu Kültür Ýncili Charm Etnik Bohem Kolye,49,99 TL
Düðümlü Ince Bileklik,34,99 TL
Balýk Ve Denizkabuklu Neon Etnik Bohem Bileklik,44,99 TL
6 lý Set Küpe,59,99 TL
Z Harfli Zirkon Taþlý Kalýn Zincirli Bileklik,62,99 TL
Palmiye Figürlü Bileklik,77,16 TL
Kadýn Turkuaz Ve Ametist Kýrýk Taþlý Çoklu Etnik Bohem Kolye,69,99 TL
Incili Vintage Küpe,71,99 TL
Kadýn Renkli Ahþap Boncuklu Mercan Taþlý Etnik Bohem Bileklik,44,99 TL
Yonca Figürlü Arpa Incili Kolye,37,99 TL
Deniz Kabuklu Ýncili Halka Küpe Seti,64,99 TL
Füme Taþlý Bronz Kanat Küpe,69,99 TL
Çiçekli Kuþlu Mini Küpe,69,99 TL
Papatyalý Mavi Nostaljik Boncuklu Halka Küpe Seti,24,99 TL
Taþlý Saçaklý Küpe,64,99 TL
Yeþil Papaðan Küpe,59,99 TL
Ýncili Geometrik Halka Küpe,59,99 TL
Büyük Yarým Çiçek Küpe,29,99 TL
Siyah Çiçekli Uzun Küpe,79,99 TL
Beyaz Göz Küpe,24,99 TL
Nazar Boncuklu Ay Yýldýz Güneþ Figürlü Kolye,53,99 TL
Gold Küpler Kolye,69,99 TL
Renkli Boru Boncuklu Halhal,24,99 TL
Kadýn Mavi Deniz Atý Küpe,89,99 TL
Gold Otantik Küpe,45,02 TL
Pastel Renkli Yýldýz Þekilli Bileklik,99,99 TL
Çapa Dümen Figürlü Mavi Ipli Bileklik,52,24 TL
F Harfli Zirkon Taþlý Kalýn Zincir Bileklik,62,99 TL
Lady Cameo Küpe,53,99 TL
Yýldýzlý Saç/alýn Aksesuarý,25,72 TL
Taþlý Gold Kuzey Yýldýzý Küpe,59,99 TL
Üçlü Halhal Seti,49,99 TL
Üç Katlý El, Yoga Ve Güneþ Figürlü Kolye,29,98 TL
Kadýn Incili Saç Aksesuarý,46,49 TL
Deniz Figürlü Charm Zincir Bileklik,46,07 TL
Beyaz Mineli Damlalý Halka Küpe,24,99 TL
Ýncili Yeþil Böcek Küpe,75,99 TL
Incili Ve Kristalli Yarým Yýldýz Küpe,24,99 TL
Renkli Doðaltaþlý Krem Kum Boncuklu Kolye,37,99 TL
Kadýn Kýrmýzý Yeþil Siyah Çoklu Etnik Bohem Kolye,54,99 TL
Beyaz Yýldýzlar Küpe,19,99 TL
Kýrmýzý Vintage Küpe,42,74 TL
Siyah Kelebekli Yüzük,24,99 TL
Siyah Yarým Çiçek Küpe,69,99 TL
Gold Kalpler Halka Küpe,24,99 TL
Siyah Taþlý Kanat Küpe,39,99 TL
Beyaz Fimo Göz Figürlü Ince Kolye,42,74 TL
Fatmanýn Eli Figürlü Uzun Kalýn Zincirli Kolye,56,99 TL
Turkuaz Çoklu Ipli Tasarým Etnik Bohem Kolye,54,99 TL
Damla Taþlý Silver Küpe,34,99 TL
Kýrmýzý Boncuklu Etnik Bohem Halhal,49,99 TL
Asimetrik Büyük Yýldýz Küpe,79,99 TL
Nazar Boncuklu Altýn Kaplama Zincir Kolye,54,99 TL
Kadýn Taþ Saçaklý Incili Halka Küpe,79,99 TL
Ýncili ve Kristalli Yýldýz Küpe,39,99 TL
Kristalli Sallantýlý Kelebek Küpe,74,99 TL
Çoklu Küpe Seti,69,99 TL
Balýk Figürlü Turuncu Ve Turkuaz Taþlý Charm Kolye,79,98 TL
Kadýn Mavi Taþlý Tasarým Halat Küpe,69,99 TL
Kadýn Mavi Kedi Küpe Seti 6'lý,19,99 TL
Kadýn Silver Renk Kelebekli Çiftli Zincir Kolye,44,99 TL
Kadýn Mor Mürdüm Cam Boncuklu Etnik Bohem Tasarým Kolye,49,99 TL
Kadýn Gold Içiçe Halkalý Büyük Küpe,89,99 TL
Inci Kelebek Mandal Toka,24,99 TL
Kadýn Ekoseli Kalp Küpe,59,99 TL
Içi Incili Geometrik Küpe,34,99 TL
Kadýn Yeþil Gold Kristal Dolamalý Bileklik,41,15 TL
Taþlý Büyük Choker Kolye,85,49 TL
Kalp Ve Dünya Figürlü 4 Katlý Kolye,47,49 TL
Fast Food Cupcake Eðlenceli Küpe,68,58 TL
Beyaz Göz Figürlü Kalp Küpe,24,99 TL
Ikili Silver Renk Bileklik Seti,59,99 TL
Taþlý Incili Zincirli Saç/ Alýn Aksesuarý,62,99 TL
Kadýn Gold Kedi Figürlü Asimetrik Küpe,89,99 TL
Renkli Doðaltaþlý Sarmal Bileklik,69,99 TL
Yýlan Þekilli Hayalet Küpe,44,99 TL
Kadýn Gümüþ 4'lü Zincirli Kolye,64,99 TL
Ikili Sedefli Yaprak Toka Seti,42,74 TL
Gümüþ Çiçekli Küpe,89,99 TL
Kadýn Lacivert Taþlý Yarým Ay Küpe,66,49 TL
Kadýn Ekoseli Kýrmýzý Plakalý Kalp Küpe,59,99 TL
Deniz Figürlü Charm Zincir Kolye,42,78 TL
Kadýn Somon Pembe Doðaltaþ Görünümlü Damla Küpe,55,72 TL
Siyah Kristalli Küpe,62,99 TL
Kadýn Bileklik,89,99 TL
20 Adet Papatya Mandal Toka Seti,24,99 TL
Siyah Kelebekler Küpe,19,99 TL
Mavi Kristalli Tasarým Düðme Küpe,29,99 TL
Düðüm Yüzük,29,99 TL
Kadýn Kelebek Fil Figürlü 14 Lü Yüzük Seti,59,99 TL
Kýrmýzý Kalpli Zirkon Su Yolu Bileklik,54,99 TL
Gold Yaprak Mandal Toka,29,99 TL
Lotus Çiçek Figürlü Etnik Bileklik,41,84 TL
Kuzey Yýldýzlý Dorika Halhal,54,99 TL
Beyaz Hasýr Örgü Kalp Küpe,46,49 TL
Gold Kalp Madalyonlu Incili Kolye,49,99 TL
Renkli Etnik Yemeni Detaylý Bohem Kolye,59,99 TL
Nazar Boncuklu Kuþ Yonca Kelebek Charm Halhal,59,99 TL
Saks Mavi Beyaz Geçiþli Büyük Göz Figürlü Fimo Boncuk Kolye,25,72 TL
Kadýn Kýrmýzý Kristal Taþlý Kalp Küpe,36,09 TL
Siyah Kristalli Tasarým Düðme Küpe,37,19 TL
Mavi Deniz Kabuklu Balýk Figürlü Charm Bileklik,89,99 TL
Taþlý Çoklu Bileklik,56,99 TL
Murano El Yapýmý Cam Kalp Bileklik,59,99 TL
Gold Renk Nazar Boncuklu Çatal Iðne Kolye,53,99 TL
Yeþil Siyah Taþlý Küpe,69,99 TL
Deniz Kabuklu Renkli Charm Etnik Bohem Kolye,54,99 TL
Mavi Cam Nazar Iri Boncuklu Tasarým Kolye,89,99 TL
Zirkon Taþlý Güneþ Figürlü Kalýn Zincirli Kolye,54,99 TL
Yýldýz Sallantýlý Halkalý Piercing Küpe Seti Gold,29,92 TL
Ýnci Saçaklý Siyah Çiçek Küpe,69,99 TL
Üçlü Kilitli Incili Kolye,69,99 TL
M Harfli Zirkon Taþlý Kalýn Zincirli Bileklik,69,99 TL
N Harfli Zirkon Taþlý Kalýn Zincir Bileklik,69,99 TL
Kadýn Nazarboncuklu Marteniçka Bileklik,24,99 TL
Murano Cam Balýk Figürlü Mavi Dal Mercan Taþlý Tasarým Kolye,79,99 TL
H Harfli Zirkon Taþlý Kalýn Zincir Bileklik,69,99 TL
Taþlý Yarým Ay Küpe,66,49 TL
Koyu Yeþil Mineli Para Detaylý Küpe,28,49 TL
Renkli Çoklu Boncuklu Etnik Bohem Bileklik,44,99 TL
Yeþil Taþlý Büyük Damla Küpe,45,12 TL
Siyah Büyük Boncuklu Silver Renk Kolye,31,15 TL
Siyah Doðaltaþlý Sarmal Bileklik,69,99 TL
Turkuaz Kýrmýzý Ahþap Boncuklu Çoklu Tasarým Kolye,74,99 TL
Gold Küpler Bileklik,54,99 TL
Zirkon Taþlý Kaplan Figürlü Kalýn Zincirli Kolye,54,40 TL
6lý Mavi Kartanesi Figürlü Halka Küpe Seti,23,68 TL
Beyaz Kristalli Küpe,49,99 TL
Kadýn Renkli Ahþap Boncuklu Küpe,24,99 TL
Fil Figürlü Silver Bileklik,89,99 TL
Gold Taþlý Küpe,75,99 TL
Kadýn Yapraklý Taþlý Saç Aksesuarý,64,99 TL
Kýrmýzý Yengeç Küpe,89,99 TL
Kýrmýzý Kristal Boncuk Ýþlemeli Püsküllü Küpe,83,69 TL
Siyah Keman Broþ,51,43 TL
Siyah Yýldýzlar Küpe,19,99 TL
Deniz Kabuklu Ve Mavi Boncuklu Choker Kolye Seti,74,99 TL
T Harfli Zirkon Taþlý Kalýn Zincirli Bileklik,69,99 TL
Renkli Fimo Çiçekli Incili Kolye,42,74 TL
4 Katlý Silver Renk Zincir Kolye,42,86 TL
Renkli Taþlý Vintage Bileklik,79,99 TL
Siyah Taþlý Oynar Uzun Yüzük,44,99 TL
Yýldýz Sallantýlý Piercing Küpe Seti Gold,39,99 TL
Yýldýz Asmetik Küpe,69,99 TL
Kýrmýzý Tüylü Asimetrik Küpe,24,99 TL
Krem Baykuþ Küpe,24,99 TL
Kadýn Gökkuþaðý Figürlü Renkli Cam Boncuklu Tasarým Kolye,59,99 TL
Sarý Kristalli Tasarým Düðme Küpe,29,99 TL
Arý Figürlü Siyah Küpe,66,49 TL
Mavi Mor Kristalli Küpe,99,99 TL
Çiftli Silver Renk Kolye,42,74 TL
Zincirli Sallantýlý Küpe,29,98 TL
Sarý Ananas Küpe,69,99 TL
Yonca Figürlü Geometrik Kolye,59,99 TL
Siyah Firkete Tel Toka- 24 Adet,19,99 TL
Papatya Figürlü Gökkuþaðý Halhal,24,99 TL
Üçlü Göz Figürlü Mavi Mineli Zirkon Taþlý Yüzük,54,99 TL
Kadýn Kýrmýzý Mavi Etnik Bohem Çoklu Kolye,52,24 TL
G Harfli Zirkon Taþlý Kalýn Zincir Bileklik,69,99 TL
Incili Tasarým Büyük Çiçek Küpe,79,99 TL
Kalpli Çoklu Bileklik,56,99 TL
Incili Top Hayalet Küpe,64,99 TL
Üçlü Nazarboncuklu Doðaltaþlý Bileklik Seti,44,99 TL
Kadýn Gold Deniz Yýldýzý Deniz Kabuklu Renkli Küpe Seti,49,99 TL
Beyaz Deniz Kabuklu Kültür Incili Etnik Bohem Bileklik,34,99 TL
Mor Kelebekli Yüzük,24,99 TL
Renkli Kristal Taþlý Küpe,89,99 TL
Siyah Taþlý Tasarým Halat Küpe,66,49 TL
Renkli Cam Boncuklu El Örgüsü Hint Iþi Tasarým Kolye,33,24 TL
Incili ve Kristalli Güneþ Küpe,79,99 TL
Gold Ve Silver Renkli Dokulu Halka Küpe,34,99 TL
Üçlü Taþlý Ve Kilitli Bileklik Seti,59,99 TL
Kadýn Ýncili ve Kristalli Büyük Kalp Küpe,34,99 TL
Nazar Boncuklu Zirkon Taþlý Zincir Kolye,74,99 TL
Renkli Tüylü Uzun Etnik Küpe,53,99 TL
Kadýn Ekru Tül Çiçekli Küpe,79,99 TL
Incili Ve Kristalli Üçgen Küpe,29,99 TL
Silver Kelebek Lux Mandal Toka,29,99 TL
6 lý Set Küpe,59,99 TL
Kadýn Zincirli Saç Aksesuarý,49,99 TL
Kadýn Incili Çiçekli Saç Aksesuarý,89,99 TL
Kýrmýzý Fotoðraf Makinesi Broþ,49,99 TL
Kýrmýzý Damla Kristalli Gold Yaprak Küpe,44,99 TL
Pembe Araba Broþ,59,99 TL
Mavi Yýldýzlý Silver Bileklik,89,99 TL
Gri Kristalli Tasarým Düðme Küpe,29,99 TL
Halkalý Çizgili Kalp Küpe,24,99 TL
Turkuaz Taþlý Etnik Küpe,89,99 TL
Kadýn Helezon Halka Küpe,44,99 TL
Krem Yaprak Küpe,64,99 TL
Turuncu Çiçek Ve Yaprak Küpe,64,99 TL
Silver Renk Kristal Ýþlemeli Taç,64,99 TL
Zirkon Fil Figürlü Gold Kelepçe Bileklik,52,24 TL
Turkuaz Doðaltaþlý Turuncu Boncuklu Etnik Bohem Kolye,44,99 TL
Kadýn Mavi Kristal Taþ Ýþlemeli Çiçek Küpe,89,99 TL
Siyah Çiçekli Halka Küpe,47,49 TL
Pembe Yeþil Mor Kum Boncuklu Kolye,24,99 TL
Ýncili Silver Kalýn Zincirli Kolye,59,99 TL
Incili Kanat Kulak Aksesuarý Piercing,59,99 TL
4 Sýralý Zirkon Taþ Detaylý Silver Renk Zincir Kolye,49,99 TL
Kadýn Ýncili Top Küpe,79,99 TL
Kristalli Uzun Çubuk Küpe,64,99 TL
Kristal Taþ Sarmallý Halka Küpe,39,99 TL
Gold Incili Balýk Broþ,49,99 TL
Kadýn Gold Kedi Ve Balýk Asimetrik Eðlenceli Küpe,59,99 TL
Beyaz Üzeri Karpuz Desenli Büyük Fiyonk Otomatik Toka,29,99 TL
Etnik Sallantýlý Boncuklu Tasarým Kolye,44,99 TL
Bordo Kelebekli Yüzük,24,99 TL
Mavi Mineli Damlalý Halka Küpe,19,99 TL
Pembe Mavi Göz Halka Küpe,54,99 TL
Kadýn Bronz Ýncili Kare Vintage Küpe,49,99 TL
Lacivert Damla Kristalli Gold Yaprak Küpe,41,84 TL
Incili Sarý Papatya Küpe,54,99 TL
Renkli Boncuklu Siyah Üç Katlý Ip Halhal,24,99 TL
Arý Yüzük Ayarlanabilir,24,99 TL
Kadýn Siyah Taþlý Yarým Ay Küpe,66,49 TL
Yýldýzlý Kulak Aksesuarý,64,99 TL
Kilitli Kalp Figürlü Zincir Kolye,47,49 TL
Neon Yeþil Turuncu Denizatý Bileklik,49,99 TL
Kýrmýzý Mercan Taþlý Etnik Bohem Bileklik,44,99 TL
Siyah Beyaz Geçiþli Göz Figürlü Fimo Boncuk Kolye,25,72 TL
Ýnci Ve Çiçek Ýþlemeli Ay Küpe,80,99 TL
Sedefli Renkli Boncuklu Charm Halhal,49,99 TL
Taþlý Uzun Yýlan Küpe,89,99 TL
Taþlý Küçük Ve Büyük Yýldýzlý Asimetrik Küpe,34,99 TL
Zigzag Kareli Kelepçe Bileklik,53,99 TL
Kadýn Sarý Yumurta Tava Asimetrik Küpe,59,99 TL
Incili Yýldýz Küpe,49,99 TL
Papatya Küpe,24,99 TL
Gold Renk Zirkon Tek Taþlý Kolye,34,99 TL
Kelebekli Halka Küpe,69,99 TL
Turkuaz Taþlý Etnik Küpe,99,99 TL
Üçlü Kartanesi Küpe,24,99 TL
Siyah Tüylü Asimetrik Küpe,24,99 TL
Taþlý Incili Zincirli Tarak Toka,54,99 TL
Gold Renk Firkete Tel Toka - 24 Adet,19,99 TL
Turkuaz Mor Taþlý Tel Tasarým Küpe,44,99 TL
Turkuaz Kristal Ve Kum Boncuklu Çoklu Deniz Kabuklu Bileklik,44,99 TL
Turuncu Lacivert Doðaltaþlý Tasarým Kolye,89,99 TL
Lacivert Taþlý Göz Küpe,89,99 TL
Siyah Ince Fimo Boncuklu Göz Figürlü Kolye,42,74 TL
Silver Renk Nazar Boncuklu Çatal Iðne Kolye,59,99 TL
Italyan Zincirli Üç Katlý Mavi Boncuklu Bileklik,37,99 TL
Kedi, Nazar Boncuðu Ve Uður Böceði Figürlü Þans Bilekliði,52,24 TL
Yonca Figürlü Kalýn Zincirli Bileklik,47,49 TL
Akrep Küpe,89,99 TL
Ýncili Gold Kývrýmlý Küpe,60,44 TL
Gold Incili Dondurma Broþ,51,43 TL
Gold Renk Midye Mandal Toka,29,99 TL
Kelebek Figürlü Çelik Charm Bileklik,80,74 TL
Mavi Çiçekli Epoksi Halka Küpe,79,99 TL
Silver Çataliðne Broþ,44,99 TL
Sarý Boncuk Iþlemeli Büyük Tasarým Küpe,109,99 TL
Kadýn Mavi Balýk Ve Halka Küpe Seti 6lý,24,99 TL
Kadýn Gold Taþlý Büyük Küpe,104,99 TL
Siyah Mavi Mermer Taþlý Küpe,79,99 TL
Siyah Lacivert Kýrmýzý Üçlü Fiyonklu Puantiyeli Taç Seti,84,99 TL
Yeþil Kristalli Küpe,49,99 TL
Antik Silver Taþlý Kanat Küpe,39,99 TL
Ýncili Hayalet Geometrik Küpe,80,99 TL
Kadýn Pembe Çiçekli Ýncili Küpe,79,99 TL
Kazayaðý Desenli Gold Zincir Sallantýlý Küpe,79,99 TL
Turuncu Nazar Boncuklu Mavi Cam Boncuklu Tasarým Küpe,54,99 TL
Kadýn Renkli Taþlý Deniz Kabuklu Etnik Kolye,54,99 TL
Deniz Kabuðu Balýk Deniz Figürlü Halhal,54,99 TL
Lacivert Kristalli Küpe,49,99 TL
Ekru Doðaltaþlý Sarmal Bileklik,69,99 TL
Renkli Baget Taþlý Kare Küpe,69,99 TL
Ýncili Kulak Aksesuarý Piercing Küpe,29,99 TL
Ikili Yýlan Ve Kalp Kolye,40,94 TL
Incili Madalyon Kolye,52,24 TL
Neon Turuncu Güneþ Fimo Kolye,74,99 TL
Kýrmýzý Kelebek Küpe,24,99 TL
Üçlü Deniz Kabuðu Pens Toka Seti,49,99 TL
Kristalli Vintage Küpe,59,99 TL
Füme Taþlý Bronz Yaprak Küpe,69,99 TL
Mor Doðaltaþ Görünümlü Büyük Çiçekli Küpe,69,99 TL
Ýncili Taþlý Tasarým Küpe,69,99 TL
Antik Silver Bloklar Küpe,29,99 TL
Kadýn Sarý Renkli Balon Tutan Kýz Küpe,29,99 TL
Büyük Inciler Mandal Toka,29,99 TL
Renkli Mineli Üçgen Þekilli Bileklik,99,99 TL
Mermer Görünümlü Bej Küpe,89,99 TL
5 Katlý Zincirli Gül Ve E Harfli Kolye,44,99 TL
Doðal Kýrýktaþlý Ahþap Boncuklu Çoklu Tasarým Etnik Bohem Kolye,74,99 TL
Mavi Kelebekli Tasarým Küpe,46,49 TL
Gold Link Halka Küpe,49,99 TL
Etnik Tüy Figürlü 8 Adet Yüzük Seti,47,49 TL
Taþlý Yýldýzlar Ayarlanabilir Yüzük,24,99 TL
Mor Taþlý Büyük Damla Küpe,49,99 TL
Üçlü Göz Figürlü Mint Yeþil Mineli Zirkon Taþlý Yüzük,54,99 TL
Etnik Desenli Renkli Zirkon Taþlý Yüzük,47,49 TL
Sallantýlý Mavi Turuncu Boncuklu Etnik Halhal,34,99 TL
Sedef Kýrýktaþlý Ýncili Tasarým Küpe,44,99 TL
Zirkon Taþlý Silver Renk Çatal Iðne Yüzük,44,99 TL
Bej Püsküllü Silver Bileklik,89,99 TL
Üzüm Fil Nazar Figürlü Somon Pembe Charm Kolye,79,98 TL
Kýrýk Taþlý Kýrmýzý Mavi Kolye,42,74 TL
Sarý Yarým Çiçek Küpe,69,99 TL
Kadýn Çiçek Küpe,69,99 TL
Vintage Burgu Yarým Daire Küpe,24,99 TL
Mavi Zirkon Taþlý Kalp Asimetrik Küpe,69,99 TL
Incili Büyük Düðüm Küpe,29,99 TL
Örgü Sarmal Kelepçe Bileklik,44,99 TL
Taþlý Sallantýlý Kuðu Figürlü Küpe,80,99 TL
Siyah Taþlý Küpe,89,99 TL
Kadýn Bileklik,89,99 TL
Zirkon Taþlý Ay Yýldýz Figürlü Madalyon Kalýn Zincirli Kolye,49,99 TL
Kadýn Kýrmýzý Jade Doðaltaþlý Kalp Tasarým Küpe,59,99 TL
Taþlý Silver Yarým Ay Küpe,39,99 TL
Kadýn Siyah Çoklu Charm Boncuklu Etnik Bohem Kolye,45,12 TL
Deniz Kabuklu Renkli Tüy Figürlü Etnik Tasarým Küpe,44,99 TL
Kadýn Turkuaz Taþlý Etnik Bohem Bileklik,44,99 TL
Püsküllü Deniz Kabuklu Bohem Tasarým Kolye,74,99 TL
Balýk ve Deniz Atý Küpe,69,99 TL
Incili Uzun Küpe,79,99 TL
Yeþil Turuncu Etnik Bohem Bileklik,29,99 TL
Siyah Vintage Küpe,44,99 TL
Pudra Pembe Boncuk Ýþlemeli Küpe,109,99 TL
Gold Taþlý Saçaklý Küpe,39,99 TL
Pembe Mavi Püsküllü Tasarým Küpe,104,99 TL
Fil Figürlü Silver Bileklik,89,99 TL
Silver Önden Kilitli Kalýn Zincir Kolye,59,99 TL
Taþlý Yýldýzlý Saç Bantý,64,99 TL
Kadýn Renkli Balýk Küpe,59,85 TL
Incili Kuþ ve Kafes Asimetrik Küpe,53,99 TL
Kadýn Kýrmýzý Damla Taþlý Küpe,34,99 TL
Siyah Desenli Halka Küpe,24,99 TL
Kadýn Turuncu Portakal Küpe,40,63 TL
Nazar Boncuklu Düðümlü Kolye,42,74 TL
Kadýn Çoklu Turkuaz Taþlý Küpe Seti,49,99 TL
Gold Taþlý Asimetrik Geometrik Kalp Küpe,89,99 TL
Kýrmýzý Etnik Tüy Küpe,69,99 TL
Pembe Mavi Çiçek Desenli Afrika Telli Bandana,34,99 TL
Füme Taþlý Göz Küpe,89,99 TL
Kadýn Gri Sarý Gökkuþaðý Figürlü Charm Bileklik,89,99 TL
Beyaz Damlalý Gold Küpe,89,99 TL
Renkli Taþlý Halka Küpe,89,99 TL
Taþlý Kilit Figürlü Charm Ayarlanabilir Yüzük,29,99 TL
Kýrmýzý Taþlý Denizkabuklu Kolye,89,99 TL
Dikenli Halka Küpe,19,99 TL
Mor Kristalli Küpe,49,99 TL
4 Sýralý Nazar Boncuklu Gold Renk Zincir Kolye,44,99 TL
Kýrmýzý Puantiyeli Telli Afrika Saç Bantý,44,99 TL
Taþlý Örgülü Kelepeçe Bileklik,44,99 TL
Ýncili Silver Kanat Küpe,79,99 TL
Kadýn Mavi Nazar Boncuklu Etnik Bohem Bileklik,34,99 TL
Kadýn Gold Asimetrik Zincirli Küpe,79,99 TL
P Harfli Zirkon Taþlý Kalýn Zincir Bileklik,62,99 TL
Beyaz Pembe Boncuk Ýþlemeli Küpe,109,99 TL
Incili Taþlý Yapraklý Dikdörtgen Küpe,79,99 TL
Yýlan Figürlü Bronz Uzun Zincirli Kolye,54,99 TL
Kadýn Mürdüm Taþlý Çoklu Etnik Bileklik,42,74 TL
Zirkon Taþlý Kelepçe Figürlü Kalýn Figürlü Kolye,49,49 TL
Kadýn Mavi Doðaltaþlý Ve Kristalli Etnik Tasarým Kolye,54,99 TL
Kadýn Silver Roma Rakamlý Yüzük,34,99 TL
Baget Kristalli Küpe,99,99 TL
Renkli Doðaltaþlý Sarmal Bileklik,69,99 TL
Renkli Kristalli Akrep Küpe,89,99 TL
Cam Boncuklu Etnik Bileklik,44,99 TL
Mor Taþlý Etnik Küpe,89,99 TL
Kadýn Gold Drop Küpe,69,99 TL
Inci Sallantýlý Bulut Ve Yaðmur Küpe,79,99 TL
Turkuaz Mercan Taþlý El Yapýmý Etnik Bileklik,79,99 TL
Zirkon Taþlý Bombeli Pudra Pembe Ayarlanabilir Yüzük,54,99 TL
Bej Çoklu Charm Etnik Bohem Bileklik,42,74 TL
Taþlý Üçgen Küpe,37,99 TL
Çiçekli Çilek Küpe,40,63 TL
Yeþil Siyah Süet Choker Kolye,34,99 TL
Yeþil Beyaz Kelebek Küpe,39,86 TL
Denizkabuklu Renkli Toplu Tasarým Kolye,129,99 TL
Taþlý Göz Küpe,79,99 TL
Kadýn Sarý Mavi Halka Küpe,51,43 TL
Siyah Taþlý Çiçek Küpe,99,99 TL
Kadýn Gold Ýncili Kristalli Güneþ Küpe,79,99 TL
Kahve Taþlý Küpe,79,99 TL
Renkli Papatyalý Deniz Kabuklu Choker Kolye,29,99 TL
Mavi Balon Ve Bulut Küpe,99,99 TL
Ýncili Asimetrik Ay Küpe,89,99 TL
Büyüklü Küçüklü Incili Kalýn Halka Küpe,34,99 TL
2 Li Siyah Mandal Toka,39,99 TL
Mavi Nazar Boncuklu Asansörlü Ayarlý Bileklik,54,99 TL
Incili Yarým Kalp Küpe,24,99 TL
Kýrmýzý Keman Broþ,59,99 TL
Kadýn Pembe Papatya Tutan Ayýcýk Küpe,64,99 TL
12 Li Yýldýzlý Küpe Seti,31,89 TL
Mor Taþlý Hasýr El Yapýmý Büyük Tasarým Küpe,71,99 TL
Kadýn Turkuaz Taþlý Etnik Küpe,89,99 TL
Beyaz Fimo Turkuaz Deniz Yýldýzý Kolye,49,99 TL
Renkli Böcek Küpe,79,99 TL
Pudra Pembe Tüylü Tasarým Küpe,119,99 TL
O Harfli Zirkon Taþlý Kalýn Zincir Bileklik,69,99 TL
Kadýn Gold Antik Paralý Saç Bantý,49,99 TL
Siyah Vintage Incili Ve Dantelli Fiyonk Toka,24,99 TL
Turkuaz Damla Taþlý Etnik Bohem Tasarým Kolye,54,99 TL
Kýrmýzý Kelebekli Yüzük,24,99 TL
Beyaz Mavi Cam Nazar Boncuklu Incili Kolye,59,99 TL
Kadýn Silver Taþlý Incili Saç Bantý,64,99 TL
Deniz Kabuklu Çoklu Bileklik Seti,59,99 TL
Siyah Kristalli Tasarým El Yapýmý Bileklik,59,99 TL
Zirkon Taþlý Yonca Figürlü Sallantýlý Halka Küpe,59,99 TL
Kadýn Renkli Kristalli Tasarým Düðme Küpe,29,99 TL
Taþlý Örgü Desenli Çelik Bileklik,89,99 TL
Kadýn Bileklik,89,99 TL
Siyah Çiçekli Küpe,89,99 TL
Kadýn Kýrmýzý Mercan Taþlý Balýk Figürlü Etnik Bohem Bileklik,69,99 TL
Mavi Pembe Boncuk Ýþlemeli Küpe,87,71 TL
Ikili Kuzey Yýldýzlý Yüzük Seti,24,99 TL
Sarý Siyah Arý Küpe,71,99 TL
Ýnci Ve Kristal Taþlý Tel Halka Kalp Küpe,79,99 TL
Göz Figürlü Çelik Bileklik,84,99 TL
Incili Kalp Figürlü Halhal,54,99 TL
Renkli Kristalli Gökkuþaðý Þekilli Büyük Tarak Toka,49,49 TL
Kýrmýzý Yaprak Küpe,64,99 TL
Balýk Küpe,75,99 TL
Kadýn Gold Kristal Taþlý Küpe,89,99 TL
Turkuaz Cam Boncuklu Sallantýlý Etnik Küpe,29,99 TL
Kadýn Mor Çiçekli Küpe,54,86 TL
Zirkon Taþlý Göz Figürlü Kalýn Zincirli Kolye,59,99 TL
Altýlý Taþlý Geometrik Küpe Seti,27,09 TL
12 Li Yýldýzlý Kalp Halkalý Küpe Seti,39,99 TL
Siyah Paisley Desenli Bandana,24,99 TL
12li Para Figürlü Yeþil Boncuklu Küpe Seti,44,99 TL
Damla Kristalli Gold Yaprak Küpe,44,99 TL
Siyah Kristalli Küpe,49,99 TL
Ametist Taþlý Mor Etnik Tasarým Kolye,54,99 TL
Incili Büyük Boy Mandal Toka,54,99 TL
Zincir Saçaklý Beyaz Taþlý Küpe,47,49 TL
Inci Sýralý Büyük Þeffaf Mandal Toka,29,99 TL
8li Nazar Boncuklu Mini Halka Küpe Seti,29,99 TL
Güneþ Ra Küpe,44,99 TL
Gold Taþlý Tasarým Halat Küpe,69,99 TL
Kýrmýzý Taþlý Tasarým Halat Küpe,69,99 TL
Kadýn Beyaz Boncuk Ýþlemeli Ýncili Küpe,99,99 TL
Kýrmýzý Kristalli Küpe,49,99 TL
Mint Yeþil Kalýn Örgülü Taç,44,99 TL
Deniz Kabuklu Hasýr Ip Örgülü Saç Aksesuarý,44,99 TL
Bej Deri Lastikli Kalýn Toka,19,99 TL
Mor Ametist Doðaltaþlý Etnik Bohem Bileklik,49,99 TL
Papatya Yüzük,24,99 TL
Ýncili Sarmal Halka Küpe,79,99 TL
Etnik Mavi Gold Küpe,64,99 TL
Kadýn Gri Kahverengi Deniz Kabuklu Balýk Figürlü Dolamalý Etnik Tasarým Bileklik,42,74 TL
Para Figürlü Yeþil Kýrmýzý Kolye,49,99 TL
Kadýn Balýk Figürlü Bileklik,49,99 TL
Kýrmýzý Scooter Broþ,59,99 TL
Siyah Pembe Boncuk Ýþlemeli Küpe,109,99 TL
Yeþil Büyük Kaplumbaða Figürlü Bileklik,74,99 TL
Kalp Figürlü Zirkon Taþlý Kalýn Zincirli Bileklik,59,99 TL
Zirkon Taþlý Bombeli Mor Ayarlanabilir Yüzük,54,99 TL
Kaplumbaða Baykuþ Peace Figürlü Charm Kolye,34,99 TL
Siyah Kristal Taþlý Küpe,89,99 TL
Renkli Doðal Taþlý Denizkabuklu Kolye,79,98 TL
Siyah Kristalli Küpe,99,99 TL
Kadýn Bej Çoklu Etnik Bohem Tasarým Bileklik,44,99 TL
Küpe Seti 6'lý,19,99 TL
Yonca Desenli Bileklik,49,99 TL
Silver Renk Kalýn Örgü Zincir Kolye,52,24 TL
Renkli Etnik Boncuklu Kolye,34,99 TL
Siyah Tül Çiçekli Küpe,79,99 TL
Antik Silver Yarým Yüz Küpe,29,99 TL
Deniz Kabuklu Ve Deniz Yýldýzlý Otomatik Toka,34,99 TL
Kadýn Gold Ýncili Yarým Çiçek Küpe,71,99 TL
Renkli Taþlý Silver Yaprak Bileklik,44,99 TL
K Harfli Zirkon Taþlý Kalýn Zincir Bileklik,69,99 TL
Yýldýz Figürlü Zirkon Taþlý Kalýn Zincirli Bileklik,56,99 TL
Sarý Püsküllü Taþlý Büyük Kuþ Küpe,104,49 TL
6 lý Beyaz Kedi Küpe Seti,19,99 TL
Antik Silver Dokulu Daire Küpe,29,99 TL
Yeþil Sarý Etnik Bohem Tasarým Kolye,74,99 TL
11 Çift Deniz Temalý Turkuaz Küpe Seti,64,99 TL
Sarý Taþlý Etnik Küpe,89,99 TL
Kadýn Kýrmýzý Taþlý Etnik Küpe,89,99 TL
Kýrmýzý Yýlbaþý Hediye Seti -3,109,99 TL
Mavi Mermer Taþlý Asimetrik Küpe,42,86 TL
Mavi Kristal Boncuklu Yonca Küpe Seti 6 Lý,19,99 TL
Kýrmýzý Yýlbaþý Hediye Seti -2,74,85 TL
24 Adet Renkli Özel Kutulu Toka Seti,29,99 TL
Sedef Taþlý Silver Renk Küpe,54,99 TL
Taþlý Künye Bileklik,54,99 TL
Antik Silver Ay Yýldýz Küpe,29,99 TL
Kadýn Renkli Kelebek Desenli Kare Ýncili Halka Küpe,44,99 TL
Lacivert Miyuki Bileklik,44,99 TL
Kristalli Etnik Detaylý Küpe,99,99 TL
Ýncili Etnik Küpe,99,99 TL
Incili Kristalli Kuðu Küpe,52,24 TL
C Harfli Zirkon Taþlý Kalýn Zincirli Bileklik,56,99 TL
Zirkon Taþlý Gold Çiçek Küpe,109,99 TL
Siyah Taþlý Küpe,89,99 TL
Gold Taþlý ve Çiçekli Küpe,89,99 TL
Mavi Balýk Figürlü Asansörlü Bileklik,54,99 TL
Zirkon Halka Mor Kelebek Küpe,54,99 TL
Yaprak Ve Çiçek Figürlü Altýn Sarýsý Incili Küpe,34,99 TL
Silver Çoklu Bileklik Seti,53,99 TL
Kadýn Kýrmýzý Nazar Boncuklu Kalp Küpe Seti 12li,29,99 TL
Göz Arý Para Figürlü Zincirli Charm Kolye,49,99 TL
Kaplan Figürlü Bileklik,66,49 TL
Geçici Dövme,19,99 TL
Antik Gold Taþlý Kelebek Küpe,83,69 TL
Zirkon Taþlý Karpuz Halhal,54,99 TL
Kelebekli Çelik Bileklik,85,49 TL
Yýlbaþý Noel Baba Kartanesi Figürlü Kolye,74,99 TL
Kristal Çerçeveli Madalyon Bileklik,74,99 TL
Etnik Geometrik Küpe- Mavi,64,99 TL
Silver Taþlý Çelik Halka Küpe,59,99 TL
Kýrmýzý Yýlbaþý Hediye Seti -4,79,99 TL
Kahverengi Yeþil Etnik Bohem 3 Katlý Bileklik,39,99 TL
Ýncili Dal Küpe,80,99 TL
Unisex Beyaz Kristalli Tasarým Düðme Küpe,29,99 TL
Pembe Çiçekli Charm Bileklik,79,99 TL
Kadýn Krem Ýnci Kristal Sarmallý Halka Küpe,79,99 TL
Siyah Kristal Taþlý Küpe,79,99 TL
Mor Çiçekli Incili Küpe,79,99 TL
Ýnci Sallantýlý Hayalet Küpe,79,99 TL
Ýncili Damla Küpe,79,99 TL
Renkli Püsküllü Filli Bileklik,64,99 TL
Kadýn Pembe Çiçek Dolgulu Halka Küpe,99,99 TL
Zirkon Taþlý Gold Damlalý Küpe,109,99 TL
Kadýn Mavi Çiçek Dolgulu Halka Küpe,99,99 TL
Ýncili Kristalli Tasarým Küpe,99,99 TL
Kalp Detaylý Hasýr Kalýn Yüzük,39,99 TL
Silver Incili Balýk Broþ,49,99 TL
Kadýn Gold Örgülü Halka Küpe,49,99 TL
Silver Incili Dondurma Broþ,59,99 TL
Kadýn Pembe Çiçekli Küpe,89,99 TL
Çift Ýnci Sallantýlý Zincir Küpe,39,99 TL
Kýrmýzý Incili Top Hayalet Küpe,64,99 TL
Beyaz Doðaltaþ Görünümlü Büyük Küpe,64,99 TL
Pembe Fimo Nazar Boncuklu Püsküllü Halhal,39,99 TL
Renkli Taþlý Küpe,89,99 TL
Kalp Detaylý Hasýr Kalýn Yüzük,39,99 TL
Çoklu Gold Bileklik,64,99 TL
Yeþil Taþlý Ýncili Küpe,89,99 TL
Ýnci ve Kristal Saçaklý Gold Çiçek Küpe,89,99 TL
Incili Halka Küpe,89,99 TL
Sarý Çiçekli Küpe,89,99 TL
Yaprak ve Çiçek Detaylý Küpe,79,99 TL
Nazar Boncuklu Mavi Halhal,29,99 TL
Kadýn Bronz Taþlý Zincir Halka Küpe,64,99 TL
Renkli Boncuklu Etnik Küpe,79,99 TL
Zincirli Geometrik Asimetrik Küpe,79,99 TL
Incili Kalp Ve Yüz Þekilli Küpe,79,99 TL
Kadýn Siyah Siyah Deri Düðme Küpe,49,99 TL
Ýncili Bulut ve Yaðmur Küpe,79,99 TL
Gerçek Kýrmýzý Çiçekli Küpe,79,99 TL
Siyah Füme Taþlý Küpe,87,41 TL
Taþlý Denizyýldýzý Küpe,79,99 TL
Lacivert Kazayaðý Desenli Saten Fiyonk Otomatik Toka,24,99 TL
Kadýn Küpe,54,99 TL
Mor Etnik Bohem 3 Katlý Bileklik,39,99 TL
Renkli Ýncili Kristal Saçaklý Küpe,99,99 TL
Ýncili Saç Aksesuarý,66,49 TL
Yeþil Mavi Boncuklu Ananas Balýk Deniz Yýldýzý Figürlü Charm Kolye,44,99 TL
Üçlü Ruffle Kumaþ Taç - Mor,44,99 TL
6 Lý Kýrmýzý Kuðu Figürlü Küpe Seti,19,99 TL
Kýrmýzý Mavi Yeþil Etnik Bohem Halhal,44,98 TL
Kadýn Bronz Örgülü Kývrým Küpe,29,99 TL
Beyaz Ýçi Göz Figürlü Kalp Halka Küpe,38,57 TL
Kalp Love Yazýlý Çelik Küpe,59,99 TL
Krem Deniz Kabuðu Ýþlemeli Hasýr Taç,59,99 TL
Balýk Figürlü Kum Boncuklu Ve Zincirli Kolye,29,99 TL
Kadýn Mavi Etnik Desen Kumaþlý Incili Küpe,59,99 TL
Damla Ýncili Küpe,79,99 TL
Çoklu Silver Bileklik,59,99 TL
Siyah 90lar Teyp Radyo Broþ,59,99 TL
Beyaz Çiçekli Küpe,89,99 TL
Yeþil Tüylü Asimetrik Küpe,24,99 TL
Siyah Scooter Broþ,59,99 TL
Kadýn Zirkon Taþlý Kaplan Figürlü Altýn Kaplama Bileklik,54,99 TL
Krem Mineli Zincir Ayarlanabilir Yüzük,29,99 TL
Kadýn Sarý Yeþil Taþlý Kelebek Küpe,79,99 TL
Kadýn Gümüþ Turkuaz Renkli Fil Küpe Seti 8 Çift,59,99 TL
Gold Renk Zirkon Yonca Bileklik,59,99 TL
Silver Renk Zirkon Yonca Bileklik,59,99 TL
Ýncili Tasarým Küpe,59,99 TL
Kýrmýzý 90lar Teyp Radyo Broþ,59,99 TL
Kelebekli Hayalet Küpe,59,99 TL
Ýncili Sýkýþtýrmalý Kulak Aksesuarý,29,99 TL
Incili Krem Tül Detaylý Taç,29,99 TL
Ýncili Vintage Papatya Küpe,29,99 TL
Kadýn Gri Kristal Ýþlemeli Çiçek Küpe,79,99 TL
Sarý Beyaz Kelebek Küpe,49,99 TL
Karpuz Limon Desenli Mint Yeþil Düðümlü Taç,44,99 TL
Kadýn Afgan Boncuklu Etnik Bohem Kolye,44,99 TL
Yonca Figürlü Zirkon Taþlý Kalýn Zincirli Bileklik,56,99 TL
Göz Desenli Düðümlü Taç,44,99 TL
10 Adet Siyah Ince Lastik Toka Seti,49,99 TL
Kadýn Siyah Kahve Çoklu Bileklik,44,99 TL
Renkli Balýk Ve Deniz Desenli Düðümlü Taç,44,99 TL
Zirkon Taþlý Gold Kelebek Küpe,69,99 TL
Gold Dantel Þekilli Küpe,39,99 TL
Gold Kalp Desenli Siyah Beyaz Çizgili Düðümlü Taç,44,99 TL
Zirkon Taþlý Bombeli Mint Yeþil Ayarlanabilir Yüzük,54,99 TL
Büyük Bordo Kadife Çiçek Küpe,59,99 TL
Beyaz Balýk Figürlü Asansörlü Bileklik,54,99 TL
Taþlý Zincirli Asimetrik Küpe,69,99 TL
Gold Madalyonlu Ikili Choker Kolye,39,99 TL
Madalyon Antik Gold Küpe,69,99 TL
Ýncili Sarmal Halka Küpe,59,85 TL
Turkuaz Mercan Doðaltaþlý Tasarým Halhal,49,99 TL
Kýrmýzý Miyuki Bileklik,44,99 TL
6lý Yapraklý Küpe Seti,27,88 TL
Taþlý Kanat Ayarlanabilir Yüzük,24,99 TL
Taþlý Ayarlanabilir Yüzük,24,99 TL
Büyük Göz Figürlü Lacivert Sarý Yüzük,24,99 TL
Zebra Desenli Düðümlü Taç,44,99 TL
Mavi Balýk Desenli Düðümlü Taç,44,99 TL
Pembe Puantiyeli Fiyonklu Taç,44,99 TL
Gold Kristalli Düðme Küpe,29,99 TL
Kristal Damlalý Gold Küpe,89,99 TL
Kadýn Turuncu Göz Figürlü Neon Renkli Örgü Ipli Bileklik,34,99 TL
Renkli Sedef Taþlý Dorika Halhal,59,99 TL
Incili Çiçekli 3 Lü Yan Toka Seti,34,99 TL
Kuþ Desenli Çapraz Bandana,34,99 TL
Renkli Taþlý Göz Figürlü Küpe,59,99 TL
Balýk Figürlü Mavi Taþlý Küpe,59,99 TL
Ananas Tropikal Desenli Afrika Telli Bandana,34,99 TL
Krem Sedef Taþlý Kelebek Küpe,59,99 TL
4 Adet Büyük Boy Toka Seti,59,99 TL
Ýnci ve Yonca Figürlü Kristalli Halka Küpe,79,99 TL
Zincir Ýþlemeli Tasarým Küpe,89,99 TL
Kýrýk Taþlý Kahverengi Krem Kolye,42,74 TL
Taþlý Küpe,99,99 TL
Siyah Taþlý Küpe,99,99 TL
Zirkon Taþlý Gold Küpe,89,99 TL
12li Mavi Kýrmýzý Boncuklu Küpe Seti,24,99 TL
Yarým Yýldýz Daire Küpe,79,99 TL
Kadýn Gold Renk Kuþ Ve Kafes Ýncili Küpe,79,99 TL
Ýncili Pembe Papatya Küpe,79,99 TL
Deniz Kabuðu Yýldýz Figürlü Halhal,44,99 TL
Mavi Yeþil Kýrmýzý Boncuklu Etnik Tasarým Kolye,44,99 TL
Ýncili Kalp Anahtar Kilit Küpe,44,99 TL
Kristalli Gold Vintage Küpe,55,79 TL
Ö Harfli Zirkon Taþlý Kalýn Zincir Bileklik,69,99 TL
Zirkon Taþlý Bombeli Beyaz Ayarlanabilir Yüzük,54,99 TL
Zirkon Taþlý Gold Küpe,89,99 TL
Incili Yaprak Ve Dal Figürlü Küpe,69,99 TL
Kadýn Silver Taþlý Tasarým Halat Küpe,69,99 TL
Kadýn Cam Balýk Figürlü Doðaltaþlý Bileklik,69,99 TL
Denizkabuklu Turkuaz Bileklik,69,99 TL
Boho Neon Ip Örgülü Denizkabuklu Kolye,69,99 TL
Renkli Doðaltaþlý Sarmal Bileklik,69,99 TL
Siyah Puantiyeli Fiyonklu Taç,44,99 TL
Gökkuþaðý Bulut Küpe,59,85 TL
Siyah Puantiyeli Düðümlü Taç,34,99 TL
Denizkabuklu Yeþil Yemeni Püsküllü Tasarým Kolye,49,99 TL
4 Adet Kalp Þekilli Mandal Toka Seti,49,99 TL
Nazarboncuklu Zirkon Taþlý Kilit Anahtar Figürlü Gold Bileklik,49,99 TL
Üçlü Deniz Kabuðu Pens Toka Seti,49,99 TL
Leopar Desenli Fular Toka- Mor,24,99 TL
6 Lý Siyah Arý Figürlü Küpe Seti,24,99 TL
10 Lu Kuzey Yýldýzý Ve Siyah Damlalý Küpe Seti,39,99 TL
Renkli Kum Boncuklu Incili Halhal,54,99 TL
Kristalli Kýrmýzý Kalp Küpe,79,99 TL
Taþlý Kelebek Küpe,79,99 TL
Incili Yýldýz Küpe,59,99 TL
Antik Silver Taþlý Hasýr Küpe,59,99 TL
Taba Turuncu Mavi Ahþap Boncuklu Üçlü Bileklik Seti,34,99 TL
Antik Silver Bubbles Küpe,29,99 TL
Yýldýz Figürlü Halka Küpe Seti 12'li,29,99 TL
Nazar Boncuklu Turuncu Halhal,29,99 TL
Lacivert Kýrmýzý Etnik Bohem Tasarým Bileklik,29,98 TL
Kýrmýzý Simli Taþlý Ikili Choker Kolye,29,99 TL
Bordo Kadife Zincir Desenli Halka Küpe,59,99 TL
Yýlbaþý Noel Baba Kar Tanesi Figürlü Charm Bileklik,74,99 TL
Kedi Ve Balýk Asimetrik Eðlenceli Hayalet Küpe,33,36 TL
Kadýn Sarý Renkli Miyuki Boncuklu El Örgüsü Tasarým Bileklik,49,99 TL
Büyük Taþlý Kartanesi Küpe,54,99 TL
Asimetrik Kelebekli Küpe,69,99 TL
Kadýn Siyah Doðaltaþlý Üçlü Bileklik,69,99 TL
Dikdörtgen Taþlý Küpe,69,99 TL
Çiçek Detaylý Kýrmýzý Kalp Küpe,34,99 TL
Mavi Kýrmýzý Kelebek Küpe,49,99 TL
Krem Kristal Iþlemeli Çiçek Küpe,79,99 TL
Incili Turuncu Mavi Boncuklu Tasarým Gözlük Aksesuarý,42,74 TL
Yeþil Ahþap Boncuklu Deniz Kabuklu Nazar Boncuklu Püsküllü Halhal,24,99 TL
Siyah Gri Bej Üçlü Düz Taç Seti,52,24 TL
Zincir Vücut Aksesuarý,64,99 TL
Silver Damlalý Gold Çiçek Küpe,89,99 TL
Kristal ve inci Ýþlemeli Halka küpe,89,99 TL
Antrasit Taþlý Küpe,89,99 TL
Siyah Incili Top Hayalet Küpe,64,99 TL
Ýncili Mat Gold Çiçek Küpe,64,99 TL
Kadýn Çiçek Desenli Incili Halka Küpe,64,99 TL
Çoklu Etnik Küpe,64,99 TL
Deniz Kabuklu Halka Küpe Seti,64,99 TL
4lü Mavi Kýrmýzý Tüylü Küpe Seti,24,99 TL
Çiçek Desenli Incili Kývrým Küpe,49,99 TL
Taþlý Siyah Ip Dolamalý Choker Kolye,49,99 TL
Nazar Boncuklu Renkli Mini Püsküllü Incili Halhal,49,99 TL
Büyük Deniz Yýldýzlý Renkli Fimo Halhal,49,98 TL
Saks Mavi Mineli Zirkon Kalp Figürlü Yüzük,54,99 TL
Zirkon Taþlý Bombeli Pembe Ayarlanabilir Yüzük,54,99 TL
Kadýn Papaðan Figürlü Zincir Kolye,54,99 TL
Kýrmýzý Yýlbaþý Hediye Seti -1,52,24 TL
Turkuaz Mineli Zirkon Kalp Figürlü Yüzük,54,99 TL
Denizkabuklu Bileklik,39,99 TL
Mavi Akuamarin Doðaltaþlý Püsküllü Kaplumbaða Bileklik,54,99 TL
Renkli Zincir Telefon Askýsý,39,99 TL
Papaðan Çiçek Palmiye Figürlü Kolye,54,99 TL
Zirkon Taþlý Bombeli Mavi Ayarlanabilir Yüzük,54,99 TL
Kadýn Mavi Taþlý Göz Figürlü Küpe,59,99 TL
Siyah Araba Broþ,59,99 TL
Gold Ters Ay Küpe,54,18 TL
Tarçýn Rengi Kadife Halka Küpe,59,99 TL
Siyah Kadife Üçlü Halka Küpe,59,99 TL
Antik Gold Taþlý Hasýr Küpe,59,99 TL
Ýncili Mat Gold Vintage Küpe,79,99 TL
Üçlü Ruffle Kumaþ Taç - Haki Lacivert Sarý,44,99 TL
Sallantýlý Mavi Kýrmýzý Boncuklu Etnik Kolye,44,99 TL
Renkli Mini Boncuklu Etnik Bohem Tasarým Kolye,52,24 TL
Kadýn Turkuaz Kuþ Figürlü Püsküllü Çoklu Etnik Bohem Kolye,52,24 TL
Antik Silver Kelebek Küpe,29,99 TL
Lacivert Beyaz Büyük Göz Figürlü Yüzük,24,99 TL
Taþlý Yaprak Yüzük,39,99 TL
Mavi Miyuki Bileklik,44,99 TL
Silver Kalpli Çelik Halka Küpe,59,99 TL
Kadýn Turkuaz Lacivert El Örgüsü Miyuki Tasarým Bileklik,54,99 TL
Mint I'm Good Kalp Halka Küpe,42,74 TL
Çilek Desenli Pembe Düðümlü Taç,44,99 TL
Lila Deniz Kabuðu Desenli Düðümlü Taç,44,99 TL
Beyaz I'm Good Kalp Halka Küpe,42,74 TL
Bej Puantiyeli Fiyonklu Taç,44,99 TL
Yaprak Figürlü Sallantýlý Etnik Kolye,44,99 TL
Kanat Baykuþ Küpe Seti 4 Çift,44,99 TL
Krem Mavi El Örgüsü Miyuki Tasarým Bileklik,54,99 TL
Karpuz Desenli Mavi Düðümlü Taç,44,99 TL
Kýrmýzý I'm Good Kalp Halka Küpe,42,74 TL
Kadýn Örgülü Antik Gold Halka Küpe,44,99 TL
Taþlý Yýldýzlý Kalp Çelik Küpe,59,99 TL
Pembe I'm Good Kalp Halka Küpe,42,74 TL
Damla Kristalli Silver Yaprak Küpe,44,99 TL
Balýk Desenli Etnik Kolye,49,99 TL
Flamingo Desenli Düðümlü Taç,44,99 TL
Turkuaz Taþlý Etnik Halhal,34,99 TL
Pembe Sarý Mermer Küpe,59,99 TL
Ýncili Vintage Kýrmýzý Küpe,59,99 TL
Pembe Mavi Halka Küpe,59,99 TL
Ýncili Vintage Beyaz Küpe,59,99 TL
Silver Renk Midye Mandal Toka,29,99 TL
Kýrmýzý Puantiyeli Fiyonklu Taç,44,99 TL
Kadýn Kahverengi ve Mavi Miyuki Boncuklu El Örgüsü Tasarým Bileklik,49,99 TL
4 Adet Büyük Boy Toka Seti,42,86 TL
Üçlü Ruffle Kumaþ Taç - Bej,44,99 TL
Lacivert Puantiyeli Fiyonklu Taç,44,99 TL
Üçlü Ruffle Kumaþ Taç - Siyah,44,99 TL
Kadýn Yeþil Ahþap ve Kristal Boncuklu Deniz Kabuklu Püsküllü Bileklik,49,99 TL
Deniz Kabuklu Afgan Boncuklu Kolye,29,99 TL
Lila I'm Good Kalp Halka Küpe,42,74 TL
10 Lu Siyah Damlalý Küpe Seti,39,99 TL
Ananas Karpuz Desenli Düðümlü Taç,44,99 TL
Kadýn Lacivert Mavi Cam Boncuklu Etnik Bohem Bileklik,39,99 TL
Siyah Kalp Makrame Bileklik,29,99 TL
Gold Kalp Halka Küpe,34,99 TL
Mavi Ipli Turuncu Nazar Boncuklu Burgulu Makrame Bileklik,34,99 TL
Mavi Yeþil El Örgüsü Etnik Bileklik,34,99 TL
Sarý Beyaz Nostaljik Çiçek Halhal,34,99 TL
12li Kuzey Yýldýzý Ve Taþlý Küpe Seti,34,99 TL
Gold Yýldýz Kalp Halka Küpe,34,99 TL
12li Mavi Yýldýzlý Taþlý Küpe Seti,34,99 TL
Tarçýn Kazayaðý Desenli Saten Fiyonk Otomatik Toka,24,99 TL
10 Lu Kuþ Figürlü Ve Siyah Damlalý Küpe Seti,39,99 TL
Lacivert Turuncu Çiçek Desenli Afrika Telli Bandana,34,99 TL
Incili Gold Halkalar Uzun Küpe,31,89 TL
Içiçe Yaprak Þekilli Mini Halka Küpe,24,99 TL
6lý Siyah Balýk Ve Halka Küpe Seti,24,99 TL
Beyaz Desenli Bandana,24,99 TL
Geçici Dövme,19,99 TL
Bordo Deri Lastikli Kalýn Toka,19,99 TL
Siyah Mor Ahþap Boncuklu Üçlü Bileklik Seti,34,99 TL
Kadýn Mor Mavi Ahþap Boncuklu Üçlü Bileklik Seti,34,99 TL
Kristalli Kulak Aksesuar,29,99 TL
Oynar Gözlü Panda Göz Uyku Bandý,29,99 TL
Unisex Sarý -Kýrmýzý Taraftar Bileklik,29,99 TL
Siyah Kadife Uzun Fiyonklu Toka,29,99 TL
Renkli Puantiye Desenli Düðümlü Taç,44,99 TL
Mavi Üzeri Karpuz Desenli Büyük Fiyonk Otomatik Toka,29,99 TL
Taþlý Mini Ayýcýk Küpe - Gold Renk,29,99 TL
12li Para Figürlü Mavi Boncuklu Küpe Seti,29,99 TL
Mercan Taþlý Nazar Boncuklu Mavi Boncuklu Bileklik,29,99 TL
Mavi Balýk Desenli Otomatik Fiyonk Toka,29,99 TL
Gri Deri Fiyonk Otomatik Toka,29,99 TL
Haki Yeþil Deri Fiyonk Otomatik Toka,29,99 TL
Lila Deniz Kabuðu Desenli Otomatik Fiyonk Toka,29,99 TL
Kadýn Kýrmýzý Pöti Kareli Fiyonklu Taç,44,99 TL
Incili Silver Halka Link Uzun Küpe,28,51 TL
Bordo Deri Taç,29,99 TL
Göz Desenli Otomatik Fiyonk Toka,29,99 TL
Kadýn Kýrmýzý Balýk ve Halka Küpe Seti 6'lý,24,99 TL
Geçici Dövme,19,99 TL
Mercan Taþlý Nazar Boncuklu Incili Bileklik,29,99 TL
Krem Kadife Fiyonklu Lastik Toka,24,99 TL
Gold Kalp Desenli Siyah Beyaz Çizgili Otomatik Fiyonk Toka,29,99 TL
Sarý Kadife Fiyonklu Otomatik Toka,29,99 TL
Flamingo Desenli Otomatik Fiyonk Toka,29,99 TL
6 Lý Yonca Ve Mavi Nostaljik Boncuklu Küpe Seti,29,99 TL
6lý Mavi Boncuklu Küpe Seti,29,99 TL
Taraftar Bileklik/halhal Kýrmýzý Sarý -4,29,99 TL
Deniz Kabuklu Renkli Boncuklu Halhal,25,72 TL
Geçici Dövme,19,99 TL
Kýrmýzý Kadife Fiyonklu Lastik Toka,24,99 TL
Gri Deri Lastikli Kalýn Toka,24,99 TL
Kýrmýzý Beyaz Deniz Kabuklu Nazar Boncuklu Püsküllü Halhal,24,99 TL
Puantiyeli Mavi Choker Kolye,24,99 TL
Canlý Renkler 6 Adet Mini Lux Mandal Toka,24,99 TL
Leopar Desenli Fular Toka- Pembe,24,99 TL
Gri Kadife Fiyonklu Lastik Toka,24,99 TL
Birleþen Eller Halka Küpe,24,99 TL
Geçici Dövme,19,99 TL
Ananas Karpuz Desenli Otomatik Fiyonk Toka,29,99 TL
Renkli Puantiye Desenli Otomatik Fiyonk Toka,29,99 TL
Göz Figürlü Mercan Taþlý Turkuaz Renk Boncuklu Kolye,42,74 TL
Kadýn Yapraklý Renkli Boncuklu Etnik Bohem Tasarým Kolye,54,99 TL
Yonca Figürlü Mavi Halhal,29,99 TL
Renkli Boru Boncuklu Halhal,29,99 TL
Kýrmýzý Taþlý Küpe,44,99 TL
Incili Kalp Mandal Toka,29,99 TL
Renkli Nostaljik Çiçek Halhal - Beyaz,25,72 TL
Kanat Life Yazýlý Küpe Seti 4 Çift,44,99 TL
Kadýn Pembe Mavi Renkli Püsküllü Deniz Kabuklu Etnik Bohem Çoklu Bileklik,42,74 TL
Denizkabuklu ve Ponponlu Ýkili Tasarým Kolye -Mor,49,99 TL
Kýrmýzý Araba Broþ,59,99 TL
Aðaç Küpe,40,63 TL
Turkuaz Mercan Taþlý Denizkabuklu Üçlü Bileklik/ Halhal,34,99 TL
Siyah Kadife Düðümlü Taç,37,99 TL
Gold Renkli Yýldýz Küpe,39,99 TL
Silver Dantel Þekilli Küpe,39,99 TL
Antik Gold Taþlý Kanat Küpe,39,99 TL
Denizkabuklu Bileklik,39,99 TL
Pembe Kadife Fiyonklu Lastik Toka,24,99 TL
Kadýn Teddy Bear Papyonlu Ayýcýk Küpe,24,99 TL
Balýk Küpe Seti 6'lý,19,99 TL
Incili Taþlý Kalýn Ayarlanabilir Yüzük,29,99 TL
Turkuaz Ve Mercan Taþlý Tasarým Halhal,42,74 TL
Fil Figürlü Mavi Halhal,29,99 TL
Kemik Desenli 2 Li Mandal Toka Seti,24,99 TL
Haki Deri Lastikli Kalýn Toka,24,99 TL
Gri Deri Taç,29,99 TL
Balýk Ve Deniz Desenli Otomatik Fiyonk Toka,29,99 TL
Geçici Dövme,19,99 TL
Geçici Dövme,19,99 TL
Geçici Dövme,19,99 TL
Geçici Dövme,19,99 TL
Geçici Dövme,19,99 TL
Geçici Dövme,19,99 TL
Geçici Dövme,19,99 TL
Geçici Dövme,19,99 TL
Geçici Dövme,19,99 TL
Geçici Dövme,19,99 TL
Geçici Dövme,19,99 TL
Geçici Dövme,19,99 TL
Geçici Dövme,19,99 TL
Geçici Dövme,19,99 TL
Geçici Dövme,19,99 TL
Geçici Dövme,19,99 TL
Geçici Dövme,19,99 TL
Kaplan Anne Kýz Uzun Kalýn Zincirli Kolye,79,99 TL
Silver Renk Zirkon Taþlý Balonlu Kýz Kolye,34,99 TL
Kadýn Gri Siyah Kanatlý Kýz Pati Figürlü Charm Bileklik,89,99 TL
Pembe Tül Çiçekli Inci Ve Taþ Ve Tüy Detaylý Lohusa Tacý,64,99 TL
Kadýn Mavi Kanatlý Kýz Pati Figürlü Charm Bileklik,89,99 TL
Bej Peluþ Ayýcýk Teddy Bear Taç,47,49 TL
Mavi Tül Çiçekli Inci Ve Taþ Ve Tüy Detaylý Lohusa Tacý,64,99 TL
